scenario,gini
Baseline,0.31474974658616484
FullUBI,0.22170848930364126
AutomationDividend,0.2641752343427555
GMI,0.29438790046344454
