sex_cat,median_uplift,mean_uplift,count
Female,0.0,0.1603519148837574,2075
Male,0.0,0.14111916007505404,3058
