sex_cat,median_uplift,mean_uplift,count
Female,0.20058410192616838,0.29317275770547513,2075
Male,0.18092378608136198,0.2570857183862751,3058
