sex_cat,median_uplift,mean_uplift,count
Female,0.5014602548154209,0.7329318942636879,2075
Male,0.452309465203405,0.6427142959656876,3058
