metric,FullUBI,AutomationDividend,GMI
Median equivalised income,499.20338461538466,399.9384615384615,333.55266666666665
Gini (equivalised),0.22170848930364126,0.2641752343427555,0.29438790046344454
Poverty rate (<60% baseline median),0.0027274498344048315,0.02435223066432885,0.0
