scenario,rel_pov60_week
FullUBI,299.5220307692308
AutomationDividend,239.9630769230769
GMI,200.1316
