decile,median_uplift,mean_uplift,n
D1,0.5881968498790927,1.0158283617614106,514
D2,0.3529930872187087,0.35667507411012345,513
D3,0.2818342070820052,0.28266153051809495,513
D4,0.2358126743417142,0.23645764737281266,513
D5,0.2027129297201403,0.20295768061270542,514
D6,0.1756435139241395,0.17580219335144548,513
D7,0.15191014346225146,0.151924825606249,513
D8,0.1281794923066668,0.12835776936376775,513
D9,0.1040602578266321,0.1038498085076406,513
D10,0.07493089269495046,0.07157934882926559,514
